{"cameraMode":{"drawMode":0,"name":"Shaded","section":"Shading Mode"},"sceneLighting":false,"audioPlay":false,"sceneViewState":{"m_AlwaysRefresh":false,"showFog":true,"showSkybox":false,"showFlares":true,"showImageEffects":true,"showParticleSystems":true,"showVisualEffectGraphs":true,"m_FxEnabled":true},"in2DMode":false,"pivot":{"x":-0.24902677536010743,"y":-0.17980384826660157,"z":0.025150775909423829},"rotation":{"x":-0.25086885690689089,"y":-0.041515737771987918,"z":0.010773971676826477,"w":-0.9670965671539307},"size":5.119459629058838,"orthographic":false}